-- phpMyAdmin SQL Dump
-- version 5.0.2
-- https://www.phpmyadmin.net/
--
-- Servidor: 127.0.0.1
-- Tiempo de generación: 26-11-2020 a las 21:38:18
-- Versión del servidor: 10.4.13-MariaDB
-- Versión de PHP: 7.4.8

SET SQL_MODE = "NO_AUTO_VALUE_ON_ZERO";
START TRANSACTION;
SET time_zone = "+00:00";


/*!40101 SET @OLD_CHARACTER_SET_CLIENT=@@CHARACTER_SET_CLIENT */;
/*!40101 SET @OLD_CHARACTER_SET_RESULTS=@@CHARACTER_SET_RESULTS */;
/*!40101 SET @OLD_COLLATION_CONNECTION=@@COLLATION_CONNECTION */;
/*!40101 SET NAMES utf8mb4 */;

--
-- Base de datos: `controldeestados1`
--

-- --------------------------------------------------------

--
-- Estructura de tabla para la tabla `dispositivosiot`
--

CREATE TABLE `dispositivosiot` (
  `iddispositivoIoT` int(11) NOT NULL,
  `modulo` int(11) NOT NULL,
  `tipodispositivoIoT` int(11) NOT NULL,
  `firmware` varchar(20) COLLATE utf8_spanish_ci NOT NULL,
  `created_at` datetime DEFAULT current_timestamp(),
  `updated_at` datetime DEFAULT NULL,
  `deleted_at` datetime DEFAULT NULL,
  `status` int(11) NOT NULL DEFAULT 1,
  `idusuario` int(11) NOT NULL
) ENGINE=InnoDB DEFAULT CHARSET=utf8 COLLATE=utf8_spanish_ci;

--
-- Volcado de datos para la tabla `dispositivosiot`
--

INSERT INTO `dispositivosiot` (`iddispositivoIoT`, `modulo`, `tipodispositivoIoT`, `firmware`, `created_at`, `updated_at`, `deleted_at`, `status`, `idusuario`) VALUES
(1, 1, 1, 'B', '2020-11-26 01:56:29', NULL, NULL, 1, 1),
(2, 2, 1, 'B', '2020-11-26 02:45:18', NULL, NULL, 1, 1),
(3, 3, 1, 'B', '2020-11-26 02:45:41', NULL, NULL, 1, 1),
(4, 4, 1, 'B', '2020-11-26 02:45:57', NULL, NULL, 1, 1),
(5, 5, 1, 'B', '2020-11-26 02:50:48', NULL, NULL, 1, 1),
(6, 6, 1, 'B', '2020-11-26 02:50:59', NULL, NULL, 1, 1),
(10, 7, 1, 'B', '2020-11-26 03:54:03', '2020-11-26 14:18:33', NULL, 1, 1),
(11, 8, 1, 'B', '2020-11-26 03:55:28', NULL, NULL, 1, 1),
(13, 8, 1, 'C', '2020-11-26 11:33:05', '2020-11-26 14:19:44', '2020-11-26 14:19:53', 0, 1);

-- --------------------------------------------------------

--
-- Estructura de tabla para la tabla `estados`
--

CREATE TABLE `estados` (
  `idestado` int(11) NOT NULL,
  `estado` varchar(20) COLLATE utf8_spanish_ci NOT NULL
) ENGINE=InnoDB DEFAULT CHARSET=utf8 COLLATE=utf8_spanish_ci;

--
-- Volcado de datos para la tabla `estados`
--

INSERT INTO `estados` (`idestado`, `estado`) VALUES
(1, 'entrandoorden'),
(2, 'validando'),
(3, 'contando'),
(4, 'enpausa'),
(5, 'error'),
(6, 'terminado');

-- --------------------------------------------------------

--
-- Estructura de tabla para la tabla `modulos`
--

CREATE TABLE `modulos` (
  `idmodulo` int(11) NOT NULL,
  `nombremodulo` varchar(40) COLLATE utf8_spanish_ci NOT NULL,
  `descripcion` varchar(200) COLLATE utf8_spanish_ci NOT NULL,
  `estado` int(11) NOT NULL DEFAULT 1,
  `ordendeprod` varchar(20) COLLATE utf8_spanish_ci NOT NULL,
  `itemaproducir` varchar(25) COLLATE utf8_spanish_ci NOT NULL,
  `unidadesesperadas` int(11) NOT NULL,
  `tiempocicloesperado` float NOT NULL,
  `minutosprogramados` float NOT NULL,
  `productoshechos` int(11) NOT NULL DEFAULT 0,
  `momentodeinicio` int(11) NOT NULL,
  `momentodepausa` int(11) NOT NULL,
  `momentoinidespausa` int(11) NOT NULL,
  `tiemporegistro` int(11) NOT NULL,
  `tiemporegistroanterior` int(11) NOT NULL,
  `ultimotiempodeproduccion` float NOT NULL,
  `tiempoacumulado` int(11) NOT NULL DEFAULT 0,
  `tiempopausado` int(11) NOT NULL DEFAULT 0,
  `created_at` datetime NOT NULL DEFAULT current_timestamp(),
  `updated_at` datetime DEFAULT NULL,
  `deleted_at` datetime DEFAULT NULL,
  `status` int(11) NOT NULL DEFAULT 1,
  `voltage` float NOT NULL,
  `prodhechosdespausaini` int(11) NOT NULL,
  `eficienciaacumulada` float NOT NULL,
  `pausashechas` int(11) NOT NULL,
  `tiempoacumtrabajo` int(11) NOT NULL
) ENGINE=InnoDB DEFAULT CHARSET=utf8 COLLATE=utf8_spanish_ci;

--
-- Volcado de datos para la tabla `modulos`
--

INSERT INTO `modulos` (`idmodulo`, `nombremodulo`, `descripcion`, `estado`, `ordendeprod`, `itemaproducir`, `unidadesesperadas`, `tiempocicloesperado`, `minutosprogramados`, `productoshechos`, `momentodeinicio`, `momentodepausa`, `momentoinidespausa`, `tiemporegistro`, `tiemporegistroanterior`, `ultimotiempodeproduccion`, `tiempoacumulado`, `tiempopausado`, `created_at`, `updated_at`, `deleted_at`, `status`, `voltage`, `prodhechosdespausaini`, `eficienciaacumulada`, `pausashechas`, `tiempoacumtrabajo`) VALUES
(1, 'Modulo 1', 'Ropa deportiva', 2, '1234', 'polo', 10, 1, 10, 0, 0, 1606414975, 1605671524, 0, 0, 0, 0, 0, '2020-09-04 17:55:23', '2020-11-26 21:12:13', NULL, 1, 0, 1, 0.00807047, 0, 0),
(2, 'Paco', 'Paca', 3, '2', '2', 12, 1, 12, 3, 1605671529, 0, 1605671529, 1605671834, 1605671729, 1.75, 0, 0, '2020-09-04 17:55:23', '2020-11-26 21:18:44', '2020-11-26 15:21:41', 0, 0, 3, 0, 0, 0),
(3, '', '', 3, '1234', 'polo', 10, 1, 10, 6, 1606383953, 1606383888, 1606383953, 1606400697, 1606400675, 0.366667, 0, 0, '2020-09-04 17:55:23', NULL, NULL, 1, 0, 6, 0.00842297, 0, 0),
(4, '', '', 3, '4', '4', 12, 1, 12, 2, 1605671549, 0, 1605671549, 1605671627, 1605671568, 0.983333, 0, 0, '2020-09-04 17:55:23', NULL, NULL, 1, 0, 2, 0, 0, 0),
(5, '', '', 1, '1', 'polo', 10, 1, 10, 0, 0, 0, 0, 0, 0, 0, 0, 0, '2020-09-04 17:55:23', NULL, NULL, 1, 0, 0, 0, 0, 0),
(6, '', '', 1, '', '', 2, 2, 4, 0, 190929, 0, 0, 0, 0, 0, 0, 0, '2020-09-04 17:55:23', NULL, NULL, 1, 0, 0, 0, 0, 0),
(7, 'Camilo Lopez', 'fgdfdg', 1, '', '', 0, 0, 0, 0, 0, 0, 0, 0, 0, 0, 0, 0, '2020-11-26 03:53:38', NULL, NULL, 1, 0, 0, 0, 0, 0),
(8, 'leñadoras', 'con maquinas verdes', 1, '', '', 0, 0, 0, 0, 0, 0, 0, 0, 0, 0, 0, 0, '2020-11-26 03:55:01', NULL, NULL, 1, 0, 0, 0, 0, 0),
(9, 'recortes', 'modulo de recortes', 1, '', '', 0, 0, 0, 0, 0, 0, 0, 0, 0, 0, 0, 0, '2020-11-26 03:56:15', NULL, NULL, 1, 0, 0, 0, 0, 0),
(10, 'pegados', 'Modulo con seis maquinas', 1, '', '', 0, 0, 0, 0, 0, 0, 0, 0, 0, 0, 0, 0, '2020-11-26 03:56:26', '2020-11-26 21:10:57', NULL, 1, 0, 0, 0, 0, 0),
(11, 'ropa para gatos', 'gatso en planta 3', 3, '1234', 'polo', 10, 1, 10, 0, 1606382179, 0, 1606382179, 0, 0, 0, 0, 0, '2020-11-26 03:56:47', NULL, NULL, 1, 0, 0, 0, 0, 0);

-- --------------------------------------------------------

--
-- Estructura de tabla para la tabla `ordenesproduccion`
--

CREATE TABLE `ordenesproduccion` (
  `idordenproduccion` int(11) NOT NULL,
  `numeroordenproduccion` int(11) NOT NULL,
  `fechaprogramacion` date DEFAULT NULL,
  `fechapausa` date DEFAULT NULL,
  `fechacontinuacion` date DEFAULT NULL,
  `fechacierre` date DEFAULT NULL,
  `created_at` datetime NOT NULL DEFAULT current_timestamp(),
  `updated_at` datetime DEFAULT NULL,
  `deleted_at` datetime DEFAULT NULL,
  `descripcion` varchar(200) COLLATE utf8_spanish_ci NOT NULL,
  `idestadoordenproduccion` int(11) NOT NULL DEFAULT 1,
  `status` int(11) NOT NULL DEFAULT 1,
  `usuario_id` int(11) NOT NULL
) ENGINE=InnoDB DEFAULT CHARSET=utf8 COLLATE=utf8_spanish_ci;

--
-- Volcado de datos para la tabla `ordenesproduccion`
--

INSERT INTO `ordenesproduccion` (`idordenproduccion`, `numeroordenproduccion`, `fechaprogramacion`, `fechapausa`, `fechacontinuacion`, `fechacierre`, `created_at`, `updated_at`, `deleted_at`, `descripcion`, `idestadoordenproduccion`, `status`, `usuario_id`) VALUES
(1, 1, '2020-07-20', NULL, NULL, NULL, '2020-07-20 23:05:38', NULL, NULL, 'Casa', 1, 1, 15),
(9, 20, '2020-06-18', NULL, NULL, NULL, '2020-07-20 23:24:08', NULL, NULL, '12', 1, 1, 1),
(10, 21, '2020-06-18', NULL, NULL, NULL, '2020-07-20 23:24:43', NULL, NULL, '12', 1, 1, 1),
(11, 30, '2020-07-02', NULL, NULL, NULL, '2020-07-20 23:26:17', NULL, NULL, '2', 1, 1, 1),
(12, 26, '2020-07-20', NULL, NULL, NULL, '2020-07-20 23:55:08', NULL, NULL, 'fdgdfgdg', 1, 1, 1),
(13, 130, '2020-07-21', NULL, NULL, NULL, '2020-07-21 00:37:27', NULL, NULL, '30', 1, 1, 1),
(14, 14, '2020-07-25', NULL, NULL, NULL, '2020-07-25 11:23:35', NULL, NULL, 'camisas', 1, 1, 1);

-- --------------------------------------------------------

--
-- Estructura de tabla para la tabla `producto`
--

CREATE TABLE `producto` (
  `idproducto` int(11) NOT NULL,
  `nombre` varchar(30) COLLATE utf8_spanish_ci NOT NULL,
  `referencia` varchar(15) COLLATE utf8_spanish_ci NOT NULL,
  `descripcion` varchar(100) COLLATE utf8_spanish_ci DEFAULT NULL,
  `precio` decimal(10,2) DEFAULT NULL,
  `existencia` int(11) DEFAULT NULL,
  `foto` mediumtext COLLATE utf8_spanish_ci DEFAULT NULL,
  `created_at` datetime NOT NULL DEFAULT current_timestamp(),
  `updated_at` datetime DEFAULT NULL,
  `deleted_at` datetime DEFAULT NULL,
  `status` int(11) NOT NULL DEFAULT 1,
  `usuario_id` int(11) NOT NULL
) ENGINE=InnoDB DEFAULT CHARSET=utf8 COLLATE=utf8_spanish_ci;

--
-- Volcado de datos para la tabla `producto`
--

INSERT INTO `producto` (`idproducto`, `nombre`, `referencia`, `descripcion`, `precio`, `existencia`, `foto`, `created_at`, `updated_at`, `deleted_at`, `status`, `usuario_id`) VALUES
(8, 'Camisa Polo verde xl', '1', 'De cristal', '939.59', 480, 'img_producto.png', '2020-06-08 00:26:13', NULL, NULL, 1, 1),
(12, 'Camisa Polo Azul m', '2', NULL, '602.73', 1000, 'img_producto.png', '2020-06-08 00:46:41', NULL, NULL, 1, 1),
(13, 'Camisa Polo Azul roja', '3', '', '507.30', 1029, 'img_producto.png', '2020-06-08 00:47:54', NULL, NULL, 1, 1),
(14, 'Camisa Polo XXl', '4', '', '8999.00', 345, 'img_producto.png', '2020-06-08 00:52:02', NULL, '2020-06-08 10:53:41', 0, 1),
(15, 'Camisa Polo Marron', '6', 'Verde', '715.53', 1202, 'img_producto.png', '2020-06-08 00:58:24', NULL, NULL, 1, 1),
(16, 'camisa Polo violeta', '33334', '4444', '5.00', 30, 'img_e2ea0e22920425dc4f8f352ff94680f1.jpg', '2020-06-09 21:25:58', NULL, NULL, 0, 1);

--
-- Disparadores `producto`
--
DELIMITER $$
CREATE TRIGGER `entradas_A_I` AFTER INSERT ON `producto` FOR EACH ROW BEGIN
		INSERT INTO entradas (idproducto, cantidad, precio, usuario_id) 
		VALUES (new.idproducto, new.existencia, new.precio, new.usuario_id);
	END
$$
DELIMITER ;

-- --------------------------------------------------------

--
-- Estructura de tabla para la tabla `registroeficiencias`
--

CREATE TABLE `registroeficiencias` (
  `id` int(11) NOT NULL,
  `ordendeprod` varchar(20) COLLATE utf8_spanish_ci NOT NULL,
  `itemaproducir` varchar(25) COLLATE utf8_spanish_ci NOT NULL,
  `cantidadesperada` int(11) NOT NULL,
  `cantidadhecha` int(11) NOT NULL,
  `eficiencia` float NOT NULL,
  `fechahora` datetime NOT NULL DEFAULT current_timestamp(),
  `modulo` int(11) NOT NULL
) ENGINE=InnoDB DEFAULT CHARSET=utf8 COLLATE=utf8_spanish_ci;

--
-- Volcado de datos para la tabla `registroeficiencias`
--

INSERT INTO `registroeficiencias` (`id`, `ordendeprod`, `itemaproducir`, `cantidadesperada`, `cantidadhecha`, `eficiencia`, `fechahora`, `modulo`) VALUES
(1, '123', 'polo', 0, 10, 50, '2020-11-15 21:29:14', 2),
(2, '123', 'polo', 0, 20, 60, '2020-11-15 21:30:07', 2),
(3, '1', 'casa', 0, 0, 50, '2020-11-16 03:49:24', 1);

-- --------------------------------------------------------

--
-- Estructura de tabla para la tabla `registrotiempos`
--

CREATE TABLE `registrotiempos` (
  `idregistro` int(11) NOT NULL,
  `ordendeprod` varchar(20) COLLATE utf8_spanish_ci NOT NULL,
  `itemaproducir` varchar(25) COLLATE utf8_spanish_ci NOT NULL,
  `horaderegistro` datetime NOT NULL DEFAULT current_timestamp()
) ENGINE=InnoDB DEFAULT CHARSET=utf8 COLLATE=utf8_spanish_ci;

--
-- Volcado de datos para la tabla `registrotiempos`
--

INSERT INTO `registrotiempos` (`idregistro`, `ordendeprod`, `itemaproducir`, `horaderegistro`) VALUES
(1, 'casa', 'polo', '2020-09-07 17:02:28'),
(2, '121212', 'camisas pancho', '2020-09-07 18:33:32'),
(3, '121212', 'camisas pancho', '2020-09-07 18:34:06'),
(4, '121212', 'camisas pancho', '2020-09-07 18:34:23'),
(5, '121212', 'camisas pancho', '2020-09-07 18:34:27'),
(6, '121212', 'camisas pancho', '2020-09-07 18:34:41'),
(7, '121212', 'camisas pancho', '2020-09-07 18:34:42'),
(8, '121212', 'camisas pancho', '2020-09-07 18:34:42'),
(9, '121212', 'camisas pancho', '2020-09-07 18:34:43'),
(10, '121212', 'camisas pancho', '2020-09-07 18:34:43'),
(11, '121212', 'camisas pancho', '2020-09-07 18:34:43'),
(12, '121212', 'camisas pancho', '2020-09-07 18:35:58'),
(13, '121212', 'camisas pancho', '2020-09-07 18:36:04'),
(14, '121212', 'camisas pancho', '2020-09-07 18:36:30'),
(15, '121212', 'camisas pancho', '2020-09-07 18:39:29'),
(16, '121212', 'camisas pancho', '2020-09-07 18:41:44'),
(17, '121212', 'camisas pancho', '2020-09-07 18:41:45'),
(18, '121212', 'camisas pancho', '2020-09-07 18:41:46'),
(19, '121212', 'camisas pancho', '2020-09-07 18:41:47'),
(20, '121212', 'camisas pancho', '2020-09-07 18:41:47'),
(21, '121212', 'camisas pancho', '2020-09-07 18:41:47'),
(22, '121212', 'camisas pancho', '2020-09-07 18:41:47'),
(23, '121212', 'camisas pancho', '2020-09-07 18:41:48'),
(24, '121212', 'camisas pancho', '2020-09-07 18:42:23'),
(25, '121212', 'camisas pancho', '2020-09-07 18:42:30'),
(26, '121212', 'camisas pancho', '2020-09-07 18:42:34'),
(27, '121212', 'camisas pancho', '2020-09-07 18:42:35'),
(28, '121212', 'camisas pancho', '2020-09-07 18:42:45'),
(29, '10', 'asas', '2020-09-07 19:00:43'),
(30, '10', 'asas', '2020-09-07 19:03:10'),
(31, '10', 'asas', '2020-09-07 20:33:25'),
(32, '1234', 'baberos', '2020-09-07 21:12:29'),
(33, '1234', 'baberos', '2020-09-07 21:13:39'),
(34, '1234', 'baberos', '2020-09-07 21:14:51'),
(35, '1234', 'baberos', '2020-09-07 21:16:46'),
(36, '1234', 'baberos', '2020-09-07 21:18:31'),
(37, '1234', 'baberos', '2020-09-07 21:19:07'),
(38, '1234', 'baberos', '2020-09-07 21:20:32'),
(39, '1234', 'baberos', '2020-09-07 21:21:06'),
(40, '1234', 'baberos', '2020-09-07 21:21:35'),
(41, '1234', 'baberos', '2020-09-07 21:22:07'),
(42, '1234', 'baberos', '2020-09-07 21:22:13'),
(43, '1234', 'baberos', '2020-09-07 21:22:39'),
(44, '20', '212121', '2020-09-07 21:24:18'),
(45, '20', '212121', '2020-09-07 21:24:31'),
(46, '20', '212121', '2020-09-07 21:25:23'),
(47, '20', '212121', '2020-09-07 21:25:44'),
(48, '20', '212121', '2020-09-07 21:25:48'),
(49, '20', '212121', '2020-09-07 21:25:50'),
(50, '20', '212121', '2020-09-07 21:25:54'),
(51, '20', '212121', '2020-09-07 21:26:01'),
(52, '20', '212121', '2020-09-07 21:26:12'),
(53, '20', '212121', '2020-09-07 21:26:18'),
(54, '20', '212121', '2020-09-07 21:26:24'),
(55, '20', '212121', '2020-09-07 21:26:32'),
(56, '20', '212121', '2020-09-07 21:26:39'),
(57, '20', '212121', '2020-09-07 21:26:47'),
(58, '20', '212121', '2020-09-07 21:26:56'),
(59, '20', '212121', '2020-09-07 21:27:04'),
(60, '20', '212121', '2020-09-07 21:27:13'),
(61, '20', '212121', '2020-09-07 21:27:32'),
(62, '20', '212121', '2020-09-07 21:27:50'),
(63, '20', '212121', '2020-09-07 21:28:09'),
(64, 'reret', 'ewweew', '2020-09-07 21:44:27'),
(65, 'reret', 'ewweew', '2020-09-07 21:45:31'),
(66, 'reret', 'ewweew', '2020-09-07 21:47:15'),
(67, 'reret', 'ewweew', '2020-09-07 21:47:38'),
(68, 'reret', 'ewweew', '2020-09-07 21:47:49'),
(69, 'reret', 'ewweew', '2020-09-07 21:47:59'),
(70, 'reret', 'ewweew', '2020-09-07 21:48:14'),
(71, 'reret', 'ewweew', '2020-09-07 21:48:56'),
(72, 'reret', 'ewweew', '2020-09-07 21:49:33'),
(73, 'fdjhgdk', 'sdfsfs', '2020-09-07 21:51:28'),
(74, 'fdjhgdk', 'sdfsfs', '2020-09-07 21:52:45'),
(75, 'fdjhgdk', 'sdfsfs', '2020-09-07 21:52:59'),
(76, '5', '5', '2020-09-07 22:03:15'),
(77, '5', '5', '2020-09-07 22:03:33'),
(78, '5', '5', '2020-09-07 22:03:44'),
(79, '5', '5', '2020-09-07 22:11:06'),
(80, '5', '5', '2020-09-07 22:11:22'),
(81, 'gfghhf', 'fghfgh', '2020-09-07 22:12:16'),
(82, 'gfghhf', 'fghfgh', '2020-09-07 22:12:24'),
(83, 'gfghhf', 'fghfgh', '2020-09-07 22:12:40'),
(84, 'gfghhf', 'fghfgh', '2020-09-07 22:13:08'),
(85, 'gfghhf', 'fghfgh', '2020-09-07 22:13:50'),
(86, 'gfghhf', 'fghfgh', '2020-09-07 22:15:00'),
(87, 'gfghhf', 'fghfgh', '2020-09-07 22:16:32'),
(88, 'gfghhf', 'fghfgh', '2020-09-07 22:19:50'),
(89, 'gfghhf', 'fghfgh', '2020-09-07 22:28:35'),
(90, '2', '33', '2020-09-07 22:40:41'),
(91, '2', '33', '2020-09-07 22:40:54'),
(92, 'Casas', '254', '2020-09-08 10:07:10'),
(93, 'Casas', '254', '2020-09-08 10:29:26'),
(94, 'Casas', '254', '2020-09-08 10:29:34'),
(95, 'Casas', '254', '2020-09-08 10:29:40'),
(96, '3456', 'ratones', '2020-09-08 10:48:45'),
(97, '3456', 'ratones', '2020-09-08 10:48:53'),
(98, '2222', '21212', '2020-09-08 11:00:58'),
(99, '2', '2', '2020-09-08 11:02:37'),
(100, '2', '2', '2020-09-08 11:02:45'),
(101, '1234', '1', '2020-09-08 20:07:25'),
(102, '1234', '1', '2020-09-08 20:07:37'),
(103, '1234', '1', '2020-09-08 20:07:43'),
(104, '1234', '1', '2020-09-08 20:07:51'),
(105, '1234', '1', '2020-09-08 20:07:59'),
(106, '1234', '1', '2020-09-08 20:08:31'),
(107, '1234', '1', '2020-09-08 20:16:57'),
(108, '1234', '1', '2020-09-08 20:17:08'),
(109, '1234', '1', '2020-09-08 20:17:23'),
(110, '1234', '1', '2020-09-08 20:21:59'),
(111, '1234', '1', '2020-09-08 20:22:06'),
(112, '1234', '1', '2020-09-08 20:22:13'),
(113, '12345', 'Camisas Polo', '2020-09-08 20:30:31'),
(114, '12345', 'Camisas Polo', '2020-09-08 20:30:52'),
(115, '12345', 'Camisas Polo', '2020-09-08 20:32:17'),
(116, '12345', 'Camisas Polo', '2020-09-08 20:32:49'),
(117, '12345', 'Camisas Polo', '2020-09-08 20:32:51'),
(118, '12345', 'Camisas Polo', '2020-09-08 20:32:58'),
(119, '12345', 'Camisas Polo', '2020-09-08 20:33:03'),
(120, '12345', 'Camisas Polo', '2020-09-08 20:33:08'),
(121, '12345', 'Camisas Polo', '2020-09-08 20:33:14'),
(122, '12345', 'Camisas Polo', '2020-09-08 20:33:19'),
(123, '29999', 'Camisas davi', '2020-09-09 10:17:58'),
(124, '29999', 'Camisas davi', '2020-09-09 10:26:24'),
(125, '1234', 'Polo', '2020-09-09 10:54:38'),
(126, '1234', 'Polo', '2020-09-09 10:54:55'),
(127, '1234', 'Polo', '2020-09-09 10:55:23'),
(128, '1234', 'Polo', '2020-09-09 10:56:06'),
(129, '12345g', 'apatos', '2020-11-02 19:29:28'),
(130, '12345g', 'apatos', '2020-11-02 19:29:36'),
(131, '12345g', 'apatos', '2020-11-02 19:30:36'),
(132, '12345g', 'apatos', '2020-11-02 23:20:27'),
(133, '12345g', 'apatos', '2020-11-02 23:22:35'),
(134, '12345g', 'apatos', '2020-11-02 23:22:50'),
(135, '12345g', 'apatos', '2020-11-02 23:22:59'),
(136, '12345g', 'apatos', '2020-11-02 23:23:15'),
(137, 'aaa', 'aaaaaa', '2020-11-02 23:36:44'),
(138, 'aaa', 'aaaaaa', '2020-11-02 23:37:14'),
(139, 'aaa', 'aaaaaa', '2020-11-02 23:37:41'),
(140, 'aaa', 'aaaaaa', '2020-11-02 23:38:15'),
(141, 'aaa', 'aaaaaa', '2020-11-02 23:38:42'),
(142, 'aaa', 'aaaaaa', '2020-11-02 23:39:18'),
(143, 'aaa', 'aaaaaa', '2020-11-02 23:40:12'),
(144, 'aaa', 'aaaaaa', '2020-11-02 23:42:11'),
(145, 'aaa', 'aaaaaa', '2020-11-02 23:43:12'),
(146, 'aaa', 'aaaaaa', '2020-11-03 00:08:52'),
(147, 'aaa', 'aaaaaa', '2020-11-03 00:09:26'),
(148, '1234', 'Camisas Polo', '2020-11-03 00:18:29'),
(149, '1234', 'Camisas Polo', '2020-11-03 00:19:01'),
(150, '1234', 'Camisas Polo', '2020-11-03 00:19:07'),
(151, '1234', 'Camisas Polo', '2020-11-03 00:19:26'),
(152, '1234', 'Camisas Polo', '2020-11-03 00:19:56'),
(153, '1234', 'Camisas Polo', '2020-11-02 23:24:25'),
(154, '1234', 'Camisas Polo', '2020-11-02 23:26:36'),
(155, '1234', 'Camisas Polo', '2020-11-02 23:26:51'),
(156, '1234', 'Camisas Polo', '2020-11-02 23:30:27'),
(157, '1234', 'Camisas Polo', '2020-11-02 23:30:47'),
(158, '1234', 'Camisas Polo', '2020-11-02 23:31:17'),
(159, '1234', 'Camisas Polo', '2020-11-02 23:31:47'),
(160, '1234', 'Camisas Polo', '2020-11-02 23:32:12'),
(161, '1234', 'Camisas Polo', '2020-11-02 23:32:32'),
(162, '1234', 'Camisas Polo', '2020-11-02 23:32:51'),
(163, '1234', 'Camisas Polo', '2020-11-02 23:33:26'),
(164, '1234', 'Camisas Polo', '2020-11-03 00:39:44'),
(165, '1234', 'Camisas Polo', '2020-11-03 00:41:41'),
(166, '1234', 'Camisas Polo', '2020-11-03 01:00:51'),
(167, '1234', 'Camisas Polo', '2020-11-03 01:01:30'),
(168, '1234', 'Camisas Polo', '2020-11-03 01:04:07'),
(169, '1234', 'Camisas Polo', '2020-11-03 01:04:14'),
(170, '1234', 'Camisas Polo', '2020-11-03 01:13:49'),
(171, '1234', 'Camisas Polo', '2020-11-03 01:13:56'),
(172, '1234', 'Camisas Polo', '2020-11-03 01:14:29'),
(173, '1234', 'Camisas Polo', '2020-11-03 01:14:38'),
(174, '1234', 'Camisas Polo', '2020-11-03 01:15:07'),
(175, '1234', 'Camisas Polo', '2020-11-03 01:15:15'),
(176, '1234', 'Camisas Polo', '2020-11-03 01:15:22'),
(177, '1234', 'Camisas Polo', '2020-11-03 01:22:32'),
(178, '1234', 'Camisas Polo', '2020-11-03 01:22:41'),
(179, '1234', 'Camisas Polo', '2020-11-03 01:22:53'),
(180, '1234', 'Camisas Polo', '2020-11-03 00:43:30'),
(181, '1234', 'Camisas Polo', '2020-11-03 00:43:54'),
(182, '1234', 'Camisas Polo', '2020-11-03 00:45:46'),
(183, '1234', 'Camisas Polo', '2020-11-03 00:46:02'),
(184, '1234', 'Camisas Polo', '2020-11-03 00:46:14'),
(185, '1234', 'Camisas Polo', '2020-11-03 00:48:14'),
(186, '1234', 'Camisas Polo', '2020-11-03 00:48:46'),
(187, '1234', 'Camisas Polo', '2020-11-03 00:48:51'),
(188, '1234', 'Camisas Polo', '2020-11-03 00:49:18'),
(189, '1234', 'Camisas Polo', '2020-11-03 00:49:27'),
(190, '1234', 'Camisas Polo', '2020-11-03 00:49:32'),
(191, '1234', 'Camisas Polo', '2020-11-03 00:49:55'),
(192, '1234', '20', '2020-11-03 00:59:31'),
(193, '1234', '20', '2020-11-03 00:59:56'),
(194, '1234', '20', '2020-11-03 01:04:22'),
(195, '1234', '20', '2020-11-03 01:10:48'),
(196, '1234', '20', '2020-11-03 01:10:58'),
(197, '2345', '1123', '2020-11-06 10:55:22'),
(198, '2345', '1123', '2020-11-06 10:55:42'),
(199, '2345', '1123', '2020-11-06 10:55:58'),
(200, '2345', '1123', '2020-11-06 10:56:04'),
(201, '2345', '1123', '2020-11-06 10:56:18'),
(202, '2345', '1123', '2020-11-06 10:56:33'),
(203, '2345', '1123', '2020-11-06 10:56:52'),
(204, '2345', '1123', '2020-11-06 10:57:18'),
(205, '2345', '1123', '2020-11-06 11:03:57'),
(206, '123454321', 'Camisas Polo', '2020-11-06 10:41:45'),
(207, '123454321', 'Camisas Polo', '2020-11-06 10:42:13'),
(208, '123454321', 'Camisas Polo', '2020-11-06 10:42:28'),
(209, '123454321', 'Camisas Polo', '2020-11-06 10:31:56'),
(210, '123454321', 'Camisas Polo', '2020-11-06 10:32:16'),
(211, '123454321', 'Camisas Polo', '2020-11-06 10:34:14'),
(212, '12345432', 'Camisas Polo', '2020-11-07 11:07:04'),
(213, '12345432', 'Camisas Polo', '2020-11-07 11:07:21'),
(214, '12345432', 'Camisas Polo', '2020-11-07 11:08:46'),
(215, '12345432', 'Camisas Polo', '2020-11-08 16:34:41'),
(216, '12345432', 'Camisas Polo', '2020-11-08 16:41:42'),
(217, '12345432', 'Camisas Polo', '2020-11-08 16:41:54'),
(218, '12345432', 'Camisas Polo', '2020-11-08 16:44:01'),
(219, '12345432', 'Camisas Polo', '2020-11-08 16:44:19'),
(220, '12345432', 'Camisas Polo', '2020-11-08 16:44:29'),
(221, '12345432', 'Camisas Polo', '2020-11-08 16:44:37'),
(222, '1234', 'Camisas Polo', '2020-11-08 20:25:12'),
(223, '1234', 'Camisas Polo', '2020-11-08 20:25:23'),
(224, '1234', 'Camisas Polo', '2020-11-08 20:25:32'),
(225, '1234', 'Camisas Polo', '2020-11-08 20:34:50'),
(226, '1234', 'Camisas Polo', '2020-11-08 21:06:52'),
(227, '1234', 'Camisas Polo', '2020-11-08 21:08:53'),
(228, '1234', 'Camisas Polo', '2020-11-08 21:09:21'),
(229, '1234', 'Camisas Polo', '2020-11-08 22:15:37'),
(230, '1234', 'Camisas Polo', '2020-11-08 22:16:09'),
(231, '1234', 'Camisas Polo', '2020-11-08 22:16:31'),
(232, '1234', 'Camisas Polo', '2020-11-08 22:20:15'),
(233, '1234', 'Camisas Polo', '2020-11-08 22:20:45'),
(234, '1234', 'Camisas Polo', '2020-11-08 22:21:11'),
(235, '1234', 'Camisas Polo', '2020-11-08 22:21:46'),
(236, '1234', 'Camisas Polo', '2020-11-08 22:22:15'),
(237, '1234', 'Camisas Polo', '2020-11-08 22:22:47'),
(238, '1234', 'Camisas Polo', '2020-11-08 22:23:23'),
(239, '1234', 'Camisas Polo', '2020-11-08 22:23:45'),
(240, '1234', 'Camisas Polo', '2020-11-08 22:24:20'),
(241, '1234', 'Camisas Polo', '2020-11-08 22:24:29'),
(242, '1234', 'Camisas Polo', '2020-11-08 23:38:10'),
(243, '1234', 'Camisas Polo', '2020-11-08 23:38:47'),
(244, '1234', 'Camisas Polo', '2020-11-08 23:38:57'),
(245, '1234', 'Camisas Polo', '2020-11-08 23:39:06'),
(246, '1234', 'Camisas Polo', '2020-11-08 23:55:53'),
(247, '1234', 'Camisas Polo', '2020-11-08 23:56:05'),
(248, '1234', 'Camisas Polo', '2020-11-09 00:01:15'),
(249, '1234', 'Camisas Polo', '2020-11-09 00:01:24'),
(250, '1234', 'Camisas Polo', '2020-11-09 00:01:28'),
(251, '1234', 'Camisas Polo', '2020-11-09 00:01:33'),
(252, '1234', 'Camisas Polo', '2020-11-09 00:01:39'),
(253, '1234', 'Camisas Polo', '2020-11-09 00:01:50'),
(254, '1234', 'Camisas Polo', '2020-11-09 00:02:00'),
(255, '1234', 'Camisas Polo', '2020-11-09 00:02:06'),
(256, '1234', 'Camisas Polo', '2020-11-09 00:07:14'),
(257, '1234', 'Camisas Polo', '2020-11-09 00:07:32'),
(258, '1234', 'Camisas Polo', '2020-11-09 00:08:16'),
(259, '1234', 'Camisas Polo', '2020-11-09 00:08:37'),
(260, '1234', 'Camisas Polo', '2020-11-09 00:08:42'),
(261, '1234', 'Camisas Polo', '2020-11-09 00:08:48'),
(262, '1234', 'Camisas Polo', '2020-11-09 00:08:54'),
(263, '1234', 'Camisas Polo', '2020-11-09 00:09:06'),
(264, '1234', 'Camisas Polo', '2020-11-09 00:09:12'),
(265, '1234', 'Camisas Polo', '2020-11-09 00:09:17'),
(266, '1234', 'Camisas Polo', '2020-11-09 00:09:23'),
(267, '1234', 'Camisas Polo', '2020-11-09 00:09:28'),
(268, '1234', 'Camisas Polo', '2020-11-09 00:09:37'),
(269, '1234', 'Camisas Polo', '2020-11-09 00:09:43'),
(270, '1234', 'Camisas Polo', '2020-11-09 00:09:49'),
(271, '1234', 'Camisas Polo', '2020-11-09 00:09:57'),
(272, '1234', 'Camisas Polo', '2020-11-09 00:10:08'),
(273, '1234', 'Camisas Polo', '2020-11-09 00:10:15'),
(274, '1234', 'Camisas Polo', '2020-11-09 00:10:20'),
(275, '1234', 'Camisas Polo', '2020-11-09 00:10:34'),
(276, '1234', 'Camisas Polo', '2020-11-09 00:29:43'),
(277, '1234', 'Camisas Polo', '2020-11-09 00:29:50'),
(278, '1234', 'Camisas Polo', '2020-11-09 00:32:41'),
(279, '1234', 'Camisas Polo', '2020-11-09 01:57:45'),
(280, '1234', 'Camisas Polo', '2020-11-09 01:58:12'),
(281, '1234', 'Camisas Polo', '2020-11-09 02:05:52'),
(282, '1234', 'Camisas Polo', '2020-11-09 02:05:59'),
(283, '1234', 'Camisas Polo', '2020-11-09 02:06:07'),
(284, '1234', 'Camisas Polo', '2020-11-09 02:06:26'),
(285, '1234', 'Camisas Polo', '2020-11-09 02:26:30'),
(286, '1234', 'Camisas Polo', '2020-11-09 02:26:38'),
(287, '1234', 'Camisas Polo', '2020-11-09 02:28:10'),
(288, '1234', 'Camisas Polo', '2020-11-09 02:28:21'),
(289, '1234', 'Camisas Polo', '2020-11-09 02:29:40'),
(290, '1234', 'Camisas Polo', '2020-11-09 02:35:15'),
(291, '1234', 'Camisas Polo', '2020-11-09 02:35:20'),
(292, '1234', 'Camisas Polo', '2020-11-09 02:35:31'),
(293, '1234', 'Camisas Polo', '2020-11-09 02:35:38'),
(294, '1234', 'Camisas Polo', '2020-11-09 02:35:45'),
(295, '1234', 'Camisas Polo', '2020-11-09 02:35:54'),
(296, '1234', 'Camisas Polo', '2020-11-09 02:36:04'),
(297, '1234', 'Camisas Polo', '2020-11-09 02:36:14'),
(298, '1234', 'Camisas Polo', '2020-11-09 02:36:22'),
(299, '1234', '1111', '2020-11-09 03:00:36'),
(300, '1234', 'Camisas Polo', '2020-11-09 03:15:37'),
(301, '1234', 'Camisas Polo', '2020-11-09 03:15:48'),
(302, '1234', 'Camisas Polo', '2020-11-09 03:16:06'),
(303, '1234', 'Camisas Polo', '2020-11-09 03:17:22'),
(304, '1234', 'Camisas Polo', '2020-11-09 03:18:59'),
(305, '1234', 'Camisas Polo', '2020-11-09 03:33:30'),
(306, '1234', 'Camisas Polo', '2020-11-09 03:33:53'),
(307, '1234', 'Camisas Polo', '2020-11-09 03:34:01'),
(308, '1234', 'Camisas Polo', '2020-11-09 03:34:07'),
(309, '1234', 'Camisas Polo', '2020-11-09 03:34:14'),
(310, '10', '10', '2020-11-17 01:31:50'),
(311, '10', '10', '2020-11-17 01:32:00'),
(312, '10', '10', '2020-11-17 01:32:06'),
(313, '10', '10', '2020-11-17 01:32:21'),
(314, '10', '10', '2020-11-17 01:32:30'),
(315, '10', '10', '2020-11-17 01:32:41'),
(316, '10', '10', '2020-11-17 01:32:47'),
(317, '10', '10', '2020-11-17 01:32:53'),
(318, '10', '10', '2020-11-17 01:33:11'),
(319, '10', '10', '2020-11-17 01:33:18'),
(320, '10', '10', '2020-11-17 01:33:28'),
(321, '10', '10', '2020-11-17 01:33:39'),
(322, '1234', 'Camisas Polo', '2020-11-17 13:22:34'),
(323, '1234', 'Camisas Polo', '2020-11-17 13:22:39'),
(324, '1234', 'Camisas Polo', '2020-11-17 13:22:44'),
(325, '1234', 'Camisas Polo', '2020-11-17 13:22:50'),
(326, '1234', 'Camisas Polo', '2020-11-17 13:22:58'),
(327, '1234', 'Camisas Polo', '2020-11-17 13:23:19'),
(328, '1234', 'Camisas Polo', '2020-11-17 13:23:30'),
(329, '1234', 'Camisas Polo', '2020-11-17 13:23:37'),
(330, '1234', 'Camisas Polo', '2020-11-17 22:37:50'),
(331, '4', '4', '2020-11-17 22:52:48'),
(332, '1', '1', '2020-11-17 22:53:32'),
(333, '4', '4', '2020-11-17 22:53:47'),
(334, '3', '3', '2020-11-17 22:54:18'),
(335, '2', '2', '2020-11-17 22:55:20'),
(336, '2', '2', '2020-11-17 22:55:29'),
(337, '2', '2', '2020-11-17 22:57:14'),
(338, '1234', 'polo', '2020-11-26 09:23:43'),
(339, '1234', 'polo', '2020-11-26 09:23:55'),
(340, '1234', 'polo', '2020-11-26 09:24:05'),
(341, '1234', 'polo', '2020-11-26 09:24:21'),
(342, '1234', 'polo', '2020-11-26 09:24:36'),
(343, '1234', 'polo', '2020-11-26 09:24:58');

-- --------------------------------------------------------

--
-- Estructura de tabla para la tabla `rol`
--

CREATE TABLE `rol` (
  `idrol` int(11) NOT NULL,
  `rol` varchar(20) COLLATE utf8_spanish_ci DEFAULT NULL,
  `status` int(11) NOT NULL DEFAULT 1,
  `created_at` datetime DEFAULT current_timestamp(),
  `updated_at` datetime DEFAULT NULL,
  `deleted_at` datetime DEFAULT NULL
) ENGINE=InnoDB DEFAULT CHARSET=utf8 COLLATE=utf8_spanish_ci;

--
-- Volcado de datos para la tabla `rol`
--

INSERT INTO `rol` (`idrol`, `rol`, `status`, `created_at`, `updated_at`, `deleted_at`) VALUES
(1, 'Admin', 1, NULL, NULL, NULL),
(2, 'Supervisor', 1, NULL, NULL, NULL),
(3, 'Operario', 1, NULL, NULL, NULL),
(4, 'Gerente', 1, NULL, NULL, NULL),
(5, 'Administrador', 1, NULL, NULL, NULL);

-- --------------------------------------------------------

--
-- Estructura de tabla para la tabla `tiposdispositivosiot`
--

CREATE TABLE `tiposdispositivosiot` (
  `idtipodispositivoiot` int(11) NOT NULL,
  `tipodispositivoIoT` varchar(20) COLLATE utf8_spanish_ci NOT NULL,
  `descripcion` varchar(200) COLLATE utf8_spanish_ci NOT NULL,
  `created_at` datetime DEFAULT current_timestamp(),
  `updated_at` datetime DEFAULT NULL,
  `deleted_at` datetime DEFAULT NULL,
  `status` int(11) NOT NULL DEFAULT 1
) ENGINE=InnoDB DEFAULT CHARSET=utf8 COLLATE=utf8_spanish_ci;

--
-- Volcado de datos para la tabla `tiposdispositivosiot`
--

INSERT INTO `tiposdispositivosiot` (`idtipodispositivoiot`, `tipodispositivoIoT`, `descripcion`, `created_at`, `updated_at`, `deleted_at`, `status`) VALUES
(1, '1', 'Caja para registrar de paso de producto terminado y ejecutar paro en linea por acción de operarios.', '2020-09-04 19:16:59', NULL, NULL, 1),
(2, '2', 'Caja con botones Paso/Paro/medición de corriente', '2020-09-04 19:19:45', NULL, NULL, 1),
(3, '3', 'Botonera con botones de paso y error con medicion de corriente y relay para control de màquinas', '2020-09-04 19:22:15', NULL, NULL, 1),
(6, 'CNCC', 'De medida de distanciaa', '2020-11-26 00:53:02', '2020-11-26 20:24:06', '2020-11-26 14:35:20', 0),
(7, 'CNC', 'De medida de distancia', '2020-11-26 14:35:30', NULL, NULL, 1);

-- --------------------------------------------------------

--
-- Estructura de tabla para la tabla `usuario`
--

CREATE TABLE `usuario` (
  `idusuario` int(11) NOT NULL,
  `nombre` varchar(50) COLLATE utf8_spanish_ci DEFAULT NULL,
  `correo` varchar(100) COLLATE utf8_spanish_ci DEFAULT NULL,
  `usuario` varchar(15) COLLATE utf8_spanish_ci DEFAULT NULL,
  `clave` varchar(100) COLLATE utf8_spanish_ci DEFAULT NULL,
  `rol` int(11) DEFAULT NULL,
  `status` int(11) NOT NULL DEFAULT 1,
  `created_at` datetime DEFAULT current_timestamp(),
  `updated_at` datetime DEFAULT NULL,
  `deleted_at` datetime DEFAULT NULL
) ENGINE=InnoDB DEFAULT CHARSET=utf8 COLLATE=utf8_spanish_ci;

--
-- Volcado de datos para la tabla `usuario`
--

INSERT INTO `usuario` (`idusuario`, `nombre`, `correo`, `usuario`, `clave`, `rol`, `status`, `created_at`, `updated_at`, `deleted_at`) VALUES
(1, 'Jorge Andres', 'jorgecock@gmail.com', 'admin', '21232f297a57a5a743894a0e4a801fc3', 1, 1, NULL, NULL, NULL),
(2, 'Gloria Eugenia', 'magenial@gmail.com', 'magenial', '81dc9bdb52d04dc20036dbd8313ed055', 2, 0, NULL, NULL, '2020-05-27 13:59:07'),
(3, 'Juan Pablo', 'juanpablo@gmail.com', 'juanpablot', '25ef8924973420229be604d76afcbd9b', 3, 1, NULL, NULL, NULL),
(4, 'Pepe', 'pepe1@gmail.com', 'pepe1', '202cb962ac59075b964b07152d234b70', 2, 1, NULL, NULL, NULL),
(5, 'Manuel Fernando', 'manuel@gmail.com', 'rooticon12', '202cb962ac59075b964b07152d234b70', 4, 1, NULL, NULL, NULL),
(8, 'gonzalo', 'gonzalo@gmail.com', 'gonzo', '81dc9bdb52d04dc20036dbd8313ed055', 3, 1, NULL, NULL, '2020-05-27 13:07:44'),
(9, 'Marcela', 'marcela@gmail.com', 'marce', '202cb962ac59075b964b07152d234b70', 2, 1, NULL, NULL, NULL),
(10, 'Alberto', 'alberto@gmail.com', 'alberto', '202cb962ac59075b964b07152d234b70', 3, 0, NULL, NULL, '2020-05-28 17:22:43'),
(11, 'Matilde', 'matilde@matilde.com', 'matilde', '11c0d3f31578732d1aebdad4f70c6985', 4, 1, NULL, NULL, '2020-05-27 13:44:45'),
(12, 'Oswaldo', 'oswaldo@oswaldo.com', 'oswaldo', '633d2c523d43600cca8b0d1d8bb795b0', 5, 1, NULL, NULL, NULL),
(13, 'Yidis', 'Yidis@gmail.com', 'yidis', '01303fc071799c4af6697a4802e19c7c', 3, 1, NULL, NULL, NULL),
(14, 'Marcela B', 'marcelab@gmail.com', 'marce1', '0d54d1a7a5de5c491dbc3162b9919bc8', 2, 1, NULL, NULL, NULL),
(15, 'Jorge Andres Cock', 'jorgecock1@gmail.com', 'gogogog', '827ccb0eea8a706c4c34a16891f84e7b', 1, 1, '2020-05-26 20:40:12', NULL, NULL),
(16, 'Liliana', 'liliana@gmail.com', 'liliana', 'a071495b74b65a34559c76227e0633a4', 4, 0, '2020-05-26 20:45:13', NULL, '2020-11-25 21:52:48'),
(17, 'casandra', 'cccc@gmail.com', 'pepe3', '81dc9bdb52d04dc20036dbd8313ed055', 4, 1, '2020-05-27 00:37:48', NULL, NULL),
(18, 'catalina', 'catalina@gmail.com', 'Catalina', '827ccb0eea8a706c4c34a16891f84e7b', 4, 1, '2020-05-27 13:58:52', NULL, NULL),
(19, 'Oscar', 'oscar@gmail.com', 'magenial', '827ccb0eea8a706c4c34a16891f84e7b', 4, 0, '2020-05-27 13:59:41', NULL, '2020-05-27 14:00:37'),
(20, 'Camilo Lopez', 'cam@cam.com', 'camilo', '81dc9bdb52d04dc20036dbd8313ed055', 2, 1, '2020-11-25 21:46:53', NULL, NULL);

--
-- Índices para tablas volcadas
--

--
-- Indices de la tabla `dispositivosiot`
--
ALTER TABLE `dispositivosiot`
  ADD PRIMARY KEY (`iddispositivoIoT`),
  ADD KEY `idmodulo` (`modulo`),
  ADD KEY `tipodispositivoIoT` (`tipodispositivoIoT`);

--
-- Indices de la tabla `estados`
--
ALTER TABLE `estados`
  ADD PRIMARY KEY (`idestado`);

--
-- Indices de la tabla `modulos`
--
ALTER TABLE `modulos`
  ADD PRIMARY KEY (`idmodulo`),
  ADD KEY `idestado` (`estado`);

--
-- Indices de la tabla `ordenesproduccion`
--
ALTER TABLE `ordenesproduccion`
  ADD PRIMARY KEY (`idordenproduccion`),
  ADD KEY `idestadoordenproduccion` (`idestadoordenproduccion`),
  ADD KEY `usuario_id` (`usuario_id`);

--
-- Indices de la tabla `producto`
--
ALTER TABLE `producto`
  ADD PRIMARY KEY (`idproducto`),
  ADD KEY `usuario_id` (`usuario_id`);

--
-- Indices de la tabla `registroeficiencias`
--
ALTER TABLE `registroeficiencias`
  ADD PRIMARY KEY (`id`);

--
-- Indices de la tabla `registrotiempos`
--
ALTER TABLE `registrotiempos`
  ADD PRIMARY KEY (`idregistro`);

--
-- Indices de la tabla `rol`
--
ALTER TABLE `rol`
  ADD PRIMARY KEY (`idrol`);

--
-- Indices de la tabla `tiposdispositivosiot`
--
ALTER TABLE `tiposdispositivosiot`
  ADD PRIMARY KEY (`idtipodispositivoiot`);

--
-- Indices de la tabla `usuario`
--
ALTER TABLE `usuario`
  ADD PRIMARY KEY (`idusuario`),
  ADD KEY `rol` (`rol`);

--
-- AUTO_INCREMENT de las tablas volcadas
--

--
-- AUTO_INCREMENT de la tabla `dispositivosiot`
--
ALTER TABLE `dispositivosiot`
  MODIFY `iddispositivoIoT` int(11) NOT NULL AUTO_INCREMENT, AUTO_INCREMENT=14;

--
-- AUTO_INCREMENT de la tabla `estados`
--
ALTER TABLE `estados`
  MODIFY `idestado` int(11) NOT NULL AUTO_INCREMENT, AUTO_INCREMENT=7;

--
-- AUTO_INCREMENT de la tabla `modulos`
--
ALTER TABLE `modulos`
  MODIFY `idmodulo` int(11) NOT NULL AUTO_INCREMENT, AUTO_INCREMENT=12;

--
-- AUTO_INCREMENT de la tabla `ordenesproduccion`
--
ALTER TABLE `ordenesproduccion`
  MODIFY `idordenproduccion` int(11) NOT NULL AUTO_INCREMENT, AUTO_INCREMENT=15;

--
-- AUTO_INCREMENT de la tabla `producto`
--
ALTER TABLE `producto`
  MODIFY `idproducto` int(11) NOT NULL AUTO_INCREMENT, AUTO_INCREMENT=17;

--
-- AUTO_INCREMENT de la tabla `registroeficiencias`
--
ALTER TABLE `registroeficiencias`
  MODIFY `id` int(11) NOT NULL AUTO_INCREMENT, AUTO_INCREMENT=4;

--
-- AUTO_INCREMENT de la tabla `registrotiempos`
--
ALTER TABLE `registrotiempos`
  MODIFY `idregistro` int(11) NOT NULL AUTO_INCREMENT, AUTO_INCREMENT=344;

--
-- AUTO_INCREMENT de la tabla `rol`
--
ALTER TABLE `rol`
  MODIFY `idrol` int(11) NOT NULL AUTO_INCREMENT, AUTO_INCREMENT=6;

--
-- AUTO_INCREMENT de la tabla `tiposdispositivosiot`
--
ALTER TABLE `tiposdispositivosiot`
  MODIFY `idtipodispositivoiot` int(11) NOT NULL AUTO_INCREMENT, AUTO_INCREMENT=8;

--
-- AUTO_INCREMENT de la tabla `usuario`
--
ALTER TABLE `usuario`
  MODIFY `idusuario` int(11) NOT NULL AUTO_INCREMENT, AUTO_INCREMENT=21;

--
-- Restricciones para tablas volcadas
--

--
-- Filtros para la tabla `dispositivosiot`
--
ALTER TABLE `dispositivosiot`
  ADD CONSTRAINT `dispositivosiot_ibfk_2` FOREIGN KEY (`tipodispositivoIoT`) REFERENCES `tiposdispositivosiot` (`idtipodispositivoiot`) ON DELETE NO ACTION ON UPDATE NO ACTION,
  ADD CONSTRAINT `dispositivosiot_ibfk_3` FOREIGN KEY (`modulo`) REFERENCES `modulos` (`idmodulo`) ON DELETE NO ACTION ON UPDATE NO ACTION,
  ADD CONSTRAINT `dispositivosiot_ibfk_4` FOREIGN KEY (`tipodispositivoIoT`) REFERENCES `tiposdispositivosiot` (`idtipodispositivoiot`) ON DELETE NO ACTION ON UPDATE NO ACTION;

--
-- Filtros para la tabla `modulos`
--
ALTER TABLE `modulos`
  ADD CONSTRAINT `modulos_ibfk_1` FOREIGN KEY (`estado`) REFERENCES `estados` (`idestado`);

--
-- Filtros para la tabla `producto`
--
ALTER TABLE `producto`
  ADD CONSTRAINT `producto_ibfk_1` FOREIGN KEY (`usuario_id`) REFERENCES `usuario` (`idusuario`);

--
-- Filtros para la tabla `usuario`
--
ALTER TABLE `usuario`
  ADD CONSTRAINT `usuario_ibfk_1` FOREIGN KEY (`rol`) REFERENCES `rol` (`idrol`) ON DELETE CASCADE ON UPDATE CASCADE;
COMMIT;

/*!40101 SET CHARACTER_SET_CLIENT=@OLD_CHARACTER_SET_CLIENT */;
/*!40101 SET CHARACTER_SET_RESULTS=@OLD_CHARACTER_SET_RESULTS */;
/*!40101 SET COLLATION_CONNECTION=@OLD_COLLATION_CONNECTION */;
